{"stats":{"minecraft:custom":{"minecraft:jump":76,"minecraft:time_since_rest":1534,"minecraft:leave_game":1,"minecraft:walk_on_water_one_cm":522,"minecraft:sprint_one_cm":7002,"minecraft:deaths":1,"minecraft:play_time":2052,"minecraft:damage_taken":400,"minecraft:time_since_death":1789,"minecraft:walk_one_cm":3687,"minecraft:total_world_time":2052,"minecraft:walk_under_water_one_cm":1003,"minecraft:swim_one_cm":2124,"minecraft:fall_one_cm":2937,"minecraft:fly_one_cm":16310},"minecraft:killed_by":{"alexsmobs:grizzly_bear":1}},"DataVersion":3465}